Title,Price,Link
Fender Stratocaster USA 1997 on an MJT 1 Piece Ash Nitro Body,$795.00,https://www.kijiji.ca/v-guitar/ottawa/fender-stratocaster-usa-1997-on-an-mjt-1-piece-ash-nitro-body/1703720339
PRECISION GUITAR WORX,Please Contact,https://www.kijiji.ca/v-guitar/sudbury/precision-guitar-worx/1660305330
Fender Stratocaster electric guitar,$800.00,https://www.kijiji.ca/v-guitar/chatham-kent/fender-stratocaster-electric-guitar/1703367868
1974 Gibson L5s Custom ,"$8,800.00",https://www.kijiji.ca/v-guitar/london/1974-gibson-l5s-custom/1703274556
Epiphone Riviera Electric Guitar,$699.00,https://www.kijiji.ca/v-guitar/ottawa/epiphone-riviera-electric-guitar/1702114895
"DIY Guitar Kits, The largest selection of Do it Yourself Guitars",Please Contact,https://www.kijiji.ca/v-guitar/markham-york-region/diy-guitar-kits-the-largest-selection-of-do-it-yourself-guitars/1483566448
Acoustic Guitar ,$59.00,https://www.kijiji.ca/v-guitar/kitchener-waterloo/acoustic-guitar/1703975807
Squier Custom Vibe Jaguar,$500.00,https://www.kijiji.ca/v-guitar/city-of-toronto/squier-custom-vibe-jaguar/1703975786
Guitar Stands,$30.00,https://www.kijiji.ca/v-guitar/city-of-toronto/guitar-stands/1703975288
Outdoor Guitar™ - Carbon Fibre,$500.00,https://www.kijiji.ca/v-guitar/london/outdoor-guitar-carbon-fibre/1703975094
 Yamaha bass and amplifier ,$450.00,https://www.kijiji.ca/v-guitar/city-of-toronto/yamaha-bass-and-amplifier/1703974773
"Rare & Vintage Aria Hollow-Body Electric Guitar, Japanese-made",$800.00,https://www.kijiji.ca/v-guitar/city-of-toronto/rare-vintage-aria-hollow-body-electric-guitar-japanese-made/1703974406
Fender Richie Sambora Stratocaster 1993-1995 American,"$12,000.00",https://www.kijiji.ca/v-guitar/oshawa-durham-region/fender-richie-sambora-stratocaster-1993-1995-american/1699751382
Fender Malmsteen Stratocaster 2023,"$3,000.00",https://www.kijiji.ca/v-guitar/oshawa-durham-region/fender-malmsteen-stratocaster-2023/1699754196
guitar Jackson ,$400.00,https://www.kijiji.ca/v-guitar/city-of-toronto/guitar-jackson/1703973939
1967 NORMA EG-470-3 ... needs some TLC,$395.00,https://www.kijiji.ca/v-guitar/mississauga-peel-region/1967-norma-eg-470-3-needs-some-tlc/1703973789
Norman B15 (6) Acoustic Dreadnaught ,$265.00,https://www.kijiji.ca/v-guitar/city-of-toronto/norman-b15-6-acoustic-dreadnaught/1703973529
Fender Fender Paramount PO-220E Orchestra - Natural,$949.00,https://www.kijiji.ca/v-guitar/oakville-halton-region/fender-fender-paramount-po-220e-orchestra-natural/1703973413
Gretsch Corvette Deluxe vintage,"$1,600.00",https://www.kijiji.ca/v-guitar/london/gretsch-corvette-deluxe-vintage/1703973263
ENYA NOVA GO CARBON FIBER GUITAR (BLACK),$195.00,https://www.kijiji.ca/v-guitar/peterborough/enya-nova-go-carbon-fiber-guitar-black/1703949316
Gretsch G2655T-P90 Streamliner Center Block Jr. Double-Cut P90,$829.00,https://www.kijiji.ca/v-guitar/london/gretsch-g2655t-p90-streamliner-center-block-jr-double-cut-p90/1703973128
Guild Surfliner Newark St. Series 6 String Electric Guitar,$699.00,https://www.kijiji.ca/v-guitar/london/guild-surfliner-newark-st-series-6-string-electric-guitar/1703972811
"""FENDER"" New Lightweight Electric Guitar Gig Bag",$20.00,https://www.kijiji.ca/v-guitar/oakville-halton-region/fender-new-lightweight-electric-guitar-gig-bag/1585144588
Guild D-40 standard Natural Dreadnought Acoustic,"$3,299.00",https://www.kijiji.ca/v-guitar/london/guild-d-40-standard-natural-dreadnought-acoustic/1703972535
Epiphone Les Paul Standard Pro,$650.00,https://www.kijiji.ca/v-guitar/st-catharines/epiphone-les-paul-standard-pro/1703972505
Guild Polara Night Edition Guitar,$789.00,https://www.kijiji.ca/v-guitar/london/guild-polara-night-edition-guitar/1703972403
Guild Surfliner HH Electric guitar,$699.00,https://www.kijiji.ca/v-guitar/london/guild-surfliner-hh-electric-guitar/1703972263
Ovation Acousitc Bass CEB44-1N,$940.00,https://www.kijiji.ca/v-guitar/london/ovation-acousitc-bass-ceb44-1n/1703972097
fender jazz Fretless ,"$1,100.00",https://www.kijiji.ca/v-guitar/st-catharines/fender-jazz-fretless/1703972045
1979 Marlin Classical Guitar,$200.00,https://www.kijiji.ca/v-guitar/barrie/1979-marlin-classical-guitar/1703972036
Guild Starfire I Double Cutaway-Vintage Walnut,$808.00,https://www.kijiji.ca/v-guitar/london/guild-starfire-i-double-cutaway-vintage-walnut/1703972017
Univox P Bass,$900.00,https://www.kijiji.ca/v-guitar/london/univox-p-bass/1703971926
Electric Guitar,$60.00,https://www.kijiji.ca/v-guitar/kitchener-waterloo/electric-guitar/1703971849
1994 Ibanez SR800 ,"$1,000.00",https://www.kijiji.ca/v-guitar/st-catharines/1994-ibanez-sr800/1703971587
YAMAHA ACOUSTIC GUITAR WITH GIG BAG,$250.00,https://www.kijiji.ca/v-guitar/city-of-toronto/yamaha-acoustic-guitar-with-gig-bag/1703971457
Pink Floyd The Wall Guitar Tab Book,$20.00,https://www.kijiji.ca/v-guitar/mississauga-peel-region/pink-floyd-the-wall-guitar-tab-book/1700173326
Sigma DASG7+ Acoustic Guitar,"$1,299.00",https://www.kijiji.ca/v-guitar/city-of-toronto/sigma-dasg7-acoustic-guitar/1703971152
Duesenberg Starplayer TV,"$3,400.00",https://www.kijiji.ca/v-guitar/oakville-halton-region/duesenberg-starplayer-tv/1703971070
Danelectro 59x12 string electric guitar,$899.00,https://www.kijiji.ca/v-guitar/city-of-toronto/danelectro-59x12-string-electric-guitar/1703970938
Danelectro 56 Baritone Electric Guitar,$829.00,https://www.kijiji.ca/v-guitar/city-of-toronto/danelectro-56-baritone-electric-guitar/1703970874
Epiphone Riviera Electric Guitar,$699.00,https://www.kijiji.ca/v-guitar/ottawa/epiphone-riviera-electric-guitar/1702114895
"DIY Guitar Kits, The largest selection of Do it Yourself Guitars",Please Contact,https://www.kijiji.ca/v-guitar/markham-york-region/diy-guitar-kits-the-largest-selection-of-do-it-yourself-guitars/1483566448
PRECISION GUITAR WORX,Please Contact,https://www.kijiji.ca/v-guitar/sudbury/precision-guitar-worx/1660305330
Fender Stratocaster electric guitar,$800.00,https://www.kijiji.ca/v-guitar/chatham-kent/fender-stratocaster-electric-guitar/1703367868
Fender Stratocaster USA 1997 on an MJT 1 Piece Ash Nitro Body,$795.00,https://www.kijiji.ca/v-guitar/ottawa/fender-stratocaster-usa-1997-on-an-mjt-1-piece-ash-nitro-body/1703720339
1974 Gibson L5s Custom ,"$8,800.00",https://www.kijiji.ca/v-guitar/london/1974-gibson-l5s-custom/1703274556
Lag Sauvage - Auditorium Cutaway Acoustic-Electric Guitar,"$1,102.00",https://www.kijiji.ca/v-guitar/kitchener-waterloo/lag-sauvage-auditorium-cutaway-acoustic-electric-guitar/1703970066
Gretsch G5232T Electromatic Double Jet FT with Bigsby-Broadway,"$1,018.00",https://www.kijiji.ca/v-guitar/kitchener-waterloo/gretsch-g5232t-electromatic-double-jet-ft-with-bigsby-broadway/1703969962
Vintage Gibson G3 Pickups in Luthier made Grabber style Bass,Please Contact,https://www.kijiji.ca/v-guitar/owen-sound/vintage-gibson-g3-pickups-in-luthier-made-grabber-style-bass/1702122763
Gretsch G9201 Honey Dipper Brass Body Resonator Guitar,"$1,018.00",https://www.kijiji.ca/v-guitar/kitchener-waterloo/gretsch-g9201-honey-dipper-brass-body-resonator-guitar/1703969858
Ovation electro acoustic guitar CS24P-FMYR,$899.00,https://www.kijiji.ca/v-guitar/kitchener-waterloo/ovation-electro-acoustic-guitar-cs24p-fmyr/1703969681
Vintage Acoustic Guitar,$400.00,https://www.kijiji.ca/v-guitar/sudbury/vintage-acoustic-guitar/1703969520
Lag Wings of Metal Auditorium Acoustic Guitar,$889.00,https://www.kijiji.ca/v-guitar/kitchener-waterloo/lag-wings-of-metal-auditorium-acoustic-guitar/1703969510
Babicz Steven Wilson Signature Acoustic Electric Guitar,"$4,000.00",https://www.kijiji.ca/v-guitar/kitchener-waterloo/babicz-steven-wilson-signature-acoustic-electric-guitar/1703969426
musical instruments ,Please Contact,https://www.kijiji.ca/v-guitar/kawartha-lakes/musical-instruments/1703969372
Taylor GS mini Mahogany with Gig bag,$850.00,https://www.kijiji.ca/v-guitar/city-of-toronto/taylor-gs-mini-mahogany-with-gig-bag/1703969228
2005 Ibanez BTB 6 string bass,$900.00,https://www.kijiji.ca/v-guitar/kitchener-waterloo/2005-ibanez-btb-6-string-bass/1703968828
2022 Eric Clapton Signature Series Fender Stratocaster,"$2,800.00",https://www.kijiji.ca/v-guitar/london/2022-eric-clapton-signature-series-fender-stratocaster/1703968804
Cole Clark AN2EC-BLBL Acoustic/Electric Guitar,"$3,400.00",https://www.kijiji.ca/v-guitar/kitchener-waterloo/cole-clark-an2ec-blbl-acoustic-electric-guitar/1703968754
Gretsch G2210 Streamliner Junior Jet Club-Imperial Stain,$503.00,https://www.kijiji.ca/v-guitar/hamilton/gretsch-g2210-streamliner-junior-jet-club-imperial-stain/1703968511
Guild Polara Solid Body Electric Guitar. Phantom Green,$789.00,https://www.kijiji.ca/v-guitar/hamilton/guild-polara-solid-body-electric-guitar-phantom-green/1703968266
Guild Polara Solid Body Electric Guitar. Blue Steel,$789.00,https://www.kijiji.ca/v-guitar/hamilton/guild-polara-solid-body-electric-guitar-blue-steel/1703967734
Guild Starfire I Bass Vintage Walnut,$975.00,https://www.kijiji.ca/v-guitar/hamilton/guild-starfire-i-bass-vintage-walnut/1703967665
Guild Jumbo Junior Acoustic Bass with built in Fishman pickup.,$789.00,https://www.kijiji.ca/v-guitar/hamilton/guild-jumbo-junior-acoustic-bass-with-built-in-fishman-pickup/1703967453
Yamaha FG 700ms acoustic guitar,$150.00,https://www.kijiji.ca/v-guitar/hamilton/yamaha-fg-700ms-acoustic-guitar/1703967294
Trade for an acoustic guitar (Read description),Swap/Trade,https://www.kijiji.ca/v-guitar/oshawa-durham-region/trade-for-an-acoustic-guitar-read-description/1703967034
Fender Fat Stratocaster made in Mexico 1999,$800.00,https://www.kijiji.ca/v-guitar/ottawa/fender-fat-stratocaster-made-in-mexico-1999/1696148048
Yamaha ERG121C-PF Guitar-Estate Sale,$80.00,https://www.kijiji.ca/v-guitar/ottawa/yamaha-erg121c-pf-guitar-estate-sale/1703966690
Vantage 728GDT Guitar-For Parts and/or Repair,$80.00,https://www.kijiji.ca/v-guitar/ottawa/vantage-728gdt-guitar-for-parts-and-or-repair/1703966447
Ibanez 7 String,$350.00,https://www.kijiji.ca/v-guitar/muskoka/ibanez-7-string/1703966401
Limited Edition 2014 60th Anniversary Aztec Gold Stratocaster,"$2,400.00",https://www.kijiji.ca/v-guitar/london/limited-edition-2014-60th-anniversary-aztec-gold-stratocaster/1699270610
"2014 Limited Edition 60th anniversary Aztec gold
Stratocaster","$2,400.00",https://www.kijiji.ca/v-guitar/grand-bend/2014-limited-edition-60th-anniversary-aztec-gold-stratocaster/1699268920
The Epiphone full set valve junior & speakers & Pasifika Yamaha,"$1,400.00",https://www.kijiji.ca/v-guitar/london/the-epiphone-full-set-valve-junior-speakers-pasifika-yamaha/1703956860
epiphone Guitar $60,$60.00,https://www.kijiji.ca/v-guitar/city-of-toronto/epiphone-guitar-60/1703965991
2 Acoustic Soundhole Pickups,$50.00,https://www.kijiji.ca/v-guitar/north-bay/2-acoustic-soundhole-pickups/1698837075
Tele guitar,$800.00,https://www.kijiji.ca/v-guitar/hamilton/tele-guitar/1700125018
Cort Guitar + Case + Stand,$300.00,https://www.kijiji.ca/v-guitar/city-of-toronto/cort-guitar-case-stand/1703964674
2011 Gibson Les Paul Studio,"$1,500.00",https://www.kijiji.ca/v-guitar/ottawa/2011-gibson-les-paul-studio/1703964341
Dean HollyWood Cool Guitar ,$599.00,https://www.kijiji.ca/v-guitar/city-of-toronto/dean-hollywood-cool-guitar/1703964205
Epiphone Frontier Masterbilt,$995.00,https://www.kijiji.ca/v-guitar/oakville-halton-region/epiphone-frontier-masterbilt/1703963917
Epiphone Riviera Electric Guitar,$699.00,https://www.kijiji.ca/v-guitar/ottawa/epiphone-riviera-electric-guitar/1702114895
"DIY Guitar Kits, The largest selection of Do it Yourself Guitars",Please Contact,https://www.kijiji.ca/v-guitar/markham-york-region/diy-guitar-kits-the-largest-selection-of-do-it-yourself-guitars/1483566448
1974 Gibson L5s Custom ,"$8,800.00",https://www.kijiji.ca/v-guitar/london/1974-gibson-l5s-custom/1703274556
PRECISION GUITAR WORX,Please Contact,https://www.kijiji.ca/v-guitar/sudbury/precision-guitar-worx/1660305330
Fender Stratocaster electric guitar,$800.00,https://www.kijiji.ca/v-guitar/chatham-kent/fender-stratocaster-electric-guitar/1703367868
Fender Stratocaster USA 1997 on an MJT 1 Piece Ash Nitro Body,$795.00,https://www.kijiji.ca/v-guitar/ottawa/fender-stratocaster-usa-1997-on-an-mjt-1-piece-ash-nitro-body/1703720339
Danny Gatton Guitar Tabs Recorded Version,$15.00,https://www.kijiji.ca/v-guitar/gatineau/danny-gatton-guitar-tabs-recorded-version/1567709379
Guitar cases // Étuis  à guitare,$30.00,https://www.kijiji.ca/v-guitar/gatineau/guitar-cases-etuis-a-guitare/1703956078
Acoustic guitar,$380.00,https://www.kijiji.ca/v-guitar/city-of-toronto/acoustic-guitar/1703961039
Acoustic Guitar ,$250.00,https://www.kijiji.ca/v-guitar/kitchener-waterloo/acoustic-guitar/1703960672
Electric Guitar and Amp,$280.00,https://www.kijiji.ca/v-guitar/kitchener-waterloo/electric-guitar-and-amp/1703960619
jackson monark,$400.00,https://www.kijiji.ca/v-guitar/london/jackson-monark/1703960506
GODIN MULTIAC DUET STEEL STRING GUITAR,"$1,250.00",https://www.kijiji.ca/v-guitar/kitchener-waterloo/godin-multiac-duet-steel-string-guitar/1703959080
Wanted 70s Fender Mustang,Please Contact,https://www.kijiji.ca/v-guitar/hamilton/wanted-70s-fender-mustang/1703959042
"1978 VINTAGE 10"" CTS SPECIAL DESIGN SPEAKER 8 OHM GREEN GOLD",$65.00,https://www.kijiji.ca/v-guitar/chatham-kent/1978-vintage-10-cts-special-design-speaker-8-ohm-green-gold/1691543371
Epiphone The Treasure Joe Bonamassa Signature FireBird 1,Please Contact,https://www.kijiji.ca/v-guitar/gatineau/epiphone-the-treasure-joe-bonamassa-signature-firebird-1/1703958325
COLE CLARK FL 12 STRING GUITAR,"$1,400.00",https://www.kijiji.ca/v-guitar/kitchener-waterloo/cole-clark-fl-12-string-guitar/1703958233
Vintage 1950's Stella Harmony H929 Parlor Guitar,$250.00,https://www.kijiji.ca/v-guitar/oakville-halton-region/vintage-1950s-stella-harmony-h929-parlor-guitar/1703958061
Epiphone Les Paul Studio,$450.00,https://www.kijiji.ca/v-guitar/ottawa/epiphone-les-paul-studio/1699858644
Jackson Mark Morton Dominion Pro,$750.00,https://www.kijiji.ca/v-guitar/ottawa/jackson-mark-morton-dominion-pro/1703956408
Acoustic guitar,$120.00,https://www.kijiji.ca/v-guitar/city-of-toronto/acoustic-guitar/1703956157
Gibson Les Paul Studio 2008,"$1,500.00",https://www.kijiji.ca/v-guitar/muskoka/gibson-les-paul-studio-2008/1703955625
Yamaha Revstar Pro - MIJ - Gold Top P90,"$1,800.00",https://www.kijiji.ca/v-guitar/city-of-toronto/yamaha-revstar-pro-mij-gold-top-p90/1703955561
"Hand made Nuhn J Series Guitar - Sage Green Metallic Relic, P90s","$1,800.00",https://www.kijiji.ca/v-guitar/stratford-on/hand-made-nuhn-j-series-guitar-sage-green-metallic-relic-p90s/1703955104
Boss Chromatic Tuner TU-12H,Please Contact,https://www.kijiji.ca/v-guitar/kingston-on/boss-chromatic-tuner-tu-12h/1703955027
kala ziricote concert ukulele,$400.00,https://www.kijiji.ca/v-guitar/city-of-toronto/kala-ziricote-concert-ukulele/1703954916
2012 Gibson Les Paul Standard in Excellent Condition,"$2,300.00",https://www.kijiji.ca/v-guitar/kitchener-waterloo/2012-gibson-les-paul-standard-in-excellent-condition/1695086125
Squier bullet,$140.00,https://www.kijiji.ca/v-guitar/mississauga-peel-region/squier-bullet/1695772765
Sebring JS 20 Jazz Archtop Guitar,$750.00,https://www.kijiji.ca/v-guitar/barrie/sebring-js-20-jazz-archtop-guitar/1703953740
2013 PRS Custom 24 guitar in rare Livingston Lemon drop,"$4,250.00",https://www.kijiji.ca/v-guitar/oakville-halton-region/2013-prs-custom-24-guitar-in-rare-livingston-lemon-drop/1703953685
Devlin DV-300 Guitar-Estate Sale,$225.00,https://www.kijiji.ca/v-guitar/ottawa/devlin-dv-300-guitar-estate-sale/1703953267
Yamaha F325 acoustic guitar w/stand,$220.00,https://www.kijiji.ca/v-guitar/mississauga-peel-region/yamaha-f325-acoustic-guitar-w-stand/1703952223
Ibanez AX120 Electric Guitar-Estate Sale,$175.00,https://www.kijiji.ca/v-guitar/ottawa/ibanez-ax120-electric-guitar-estate-sale/1703953133
Classic Ibanez DPL 10 PAN DELAY made in Japan ,$150.00,https://www.kijiji.ca/v-guitar/city-of-toronto/classic-ibanez-dpl-10-pan-delay-made-in-japan/1669129280
Yamaha RBX270J Bass guitar-Estate Sale,$275.00,https://www.kijiji.ca/v-guitar/ottawa/yamaha-rbx270j-bass-guitar-estate-sale/1703953025
"GWL Washburn ""Vince Neil'"" Guitar-Estate Sale",$175.00,https://www.kijiji.ca/v-guitar/ottawa/gwl-washburn-vince-neil-guitar-estate-sale/1703952912
Ibanez Rg5170B-BK Prestige MIJ,"$2,450.00",https://www.kijiji.ca/v-guitar/ottawa/ibanez-rg5170b-bk-prestige-mij/1703952903
Squier Strat Guitar-Estate Sale,$275.00,https://www.kijiji.ca/v-guitar/ottawa/squier-strat-guitar-estate-sale/1703952658
Tone King ,"$1,150.00",https://www.kijiji.ca/v-guitar/city-of-toronto/tone-king/1703952633
Espana 335 Style Guitar-Estate Sale,$325.00,https://www.kijiji.ca/v-guitar/ottawa/espana-335-style-guitar-estate-sale/1703952563
"DIY Guitar Kits, The largest selection of Do it Yourself Guitars",Please Contact,https://www.kijiji.ca/v-guitar/markham-york-region/diy-guitar-kits-the-largest-selection-of-do-it-yourself-guitars/1483566448
Epiphone Riviera Electric Guitar,$699.00,https://www.kijiji.ca/v-guitar/ottawa/epiphone-riviera-electric-guitar/1702114895
Fender Stratocaster USA 1997 on an MJT 1 Piece Ash Nitro Body,$795.00,https://www.kijiji.ca/v-guitar/ottawa/fender-stratocaster-usa-1997-on-an-mjt-1-piece-ash-nitro-body/1703720339
Fender Stratocaster electric guitar,$800.00,https://www.kijiji.ca/v-guitar/chatham-kent/fender-stratocaster-electric-guitar/1703367868
PRECISION GUITAR WORX,Please Contact,https://www.kijiji.ca/v-guitar/sudbury/precision-guitar-worx/1660305330
1974 Gibson L5s Custom ,"$8,800.00",https://www.kijiji.ca/v-guitar/london/1974-gibson-l5s-custom/1703274556
Aria Pan P23 Electric Guitar-Estate Sale,$325.00,https://www.kijiji.ca/v-guitar/ottawa/aria-pan-p23-electric-guitar-estate-sale/1703951339
SG Standard '61 Maestro Vibrola - Vintage Cherry,"$2,500.00",https://www.kijiji.ca/v-guitar/owen-sound/sg-standard-61-maestro-vibrola-vintage-cherry/1695869809
Gibson Les Paul Supreme copy,$600.00,https://www.kijiji.ca/v-guitar/sarnia/gibson-les-paul-supreme-copy/1703950387
1989 Gibson Les Paul Standard With Bill Lawrence Pickups Guitar,"$7,000.00",https://www.kijiji.ca/v-guitar/markham-york-region/1989-gibson-les-paul-standard-with-bill-lawrence-pickups-guitar/1689017799
2016 Gibson Les Paul - Limited Iced Tea Burst ,"$3,000.00",https://www.kijiji.ca/v-guitar/city-of-toronto/2016-gibson-les-paul-limited-iced-tea-burst/1685130740
Washburn Acoustic Guitar,$300.00,https://www.kijiji.ca/v-guitar/sarnia/washburn-acoustic-guitar/1703950198
"Seagull Entourage Acoustic Electric Guitar 
",$400.00,https://www.kijiji.ca/v-guitar/city-of-toronto/seagull-entourage-acoustic-electric-guitar/1703950116
Steve’s music ,$20.00,https://www.kijiji.ca/v-guitar/city-of-toronto/steve-s-music/1703950112
2023 Gibson SG 61,"$2,280.00",https://www.kijiji.ca/v-guitar/windsor-area-on/2023-gibson-sg-61/1703931756
EP Les Paul ES PRO,$550.00,https://www.kijiji.ca/v-guitar/london/ep-les-paul-es-pro/1703935183
PRS custom 24,Swap/Trade,https://www.kijiji.ca/v-guitar/st-catharines/prs-custom-24/1703946008
Epiphone Les Paul Studio - Chameleon ,$250.00,https://www.kijiji.ca/v-guitar/oshawa-durham-region/epiphone-les-paul-studio-chameleon/1703942327
"Fender Jazz bass ""Longhorn"" made in the USA in 1992","$1,300.00",https://www.kijiji.ca/v-guitar/mississauga-peel-region/fender-jazz-bass-longhorn-made-in-the-usa-in-1992/1703949563
ENYA NOVA GO CARBON FIBER GUITAR (BLACK),$195.00,https://www.kijiji.ca/v-guitar/kawartha-lakes/enya-nova-go-carbon-fiber-guitar-black/1703949281
Yorkville Guitar Stand,$25.00,https://www.kijiji.ca/v-guitar/ottawa/yorkville-guitar-stand/1666558733
Guitar cable ,$30.00,https://www.kijiji.ca/v-guitar/city-of-toronto/guitar-cable/1703949218
Fender American Professional Stratocaster,"$1,700.00",https://www.kijiji.ca/v-guitar/ottawa/fender-american-professional-stratocaster/1703948962
Gibson guitar ,$850.00,https://www.kijiji.ca/v-guitar/city-of-toronto/gibson-guitar/1703948811
Fender Parts Stratocaster,$800.00,https://www.kijiji.ca/v-guitar/trenton-on/fender-parts-stratocaster/1685960465
FREE SHIPPING! Ukulele Mahogany Finish from $59.00,Please Contact,https://www.kijiji.ca/v-guitar/city-of-toronto/free-shipping-ukulele-mahogany-finish-from-59-00/1703946268
Vantage Electric Guitar,$65.00,https://www.kijiji.ca/v-guitar/mississauga-peel-region/vantage-electric-guitar/1703946229
WASHBURN  AMP $35.,$35.00,https://www.kijiji.ca/v-guitar/windsor-area-on/washburn-amp-35/1703946213
PEAVEY  212 AMP.  $235....obo.,$235.00,https://www.kijiji.ca/v-guitar/windsor-area-on/peavey-212-amp-235-obo/1703945476
Steinberger spirit gt pro deluxe- left handed,$570.00,https://www.kijiji.ca/v-guitar/st-catharines/steinberger-spirit-gt-pro-deluxe-left-handed/1703945046
Bass Player Magazines,$50.00,https://www.kijiji.ca/v-guitar/city-of-toronto/bass-player-magazines/1695993241
Fender Gig Bag Soft Case for  Guitars Black Nylon $20,$20.00,https://www.kijiji.ca/v-guitar/city-of-toronto/fender-gig-bag-soft-case-for-guitars-black-nylon-20/1695992883
Fender Stratocaster Guitar with accesdories,"$2,000.00",https://www.kijiji.ca/v-guitar/belleville/fender-stratocaster-guitar-with-accesdories/1700036029
Dobro/Resonator/Lap Steel Guitar Squareneck,Please Contact,https://www.kijiji.ca/v-guitar/peterborough/dobro-resonator-lap-steel-guitar-squareneck/1703943783
AXL Les Paul Junior-style Guitar,$150.00,https://www.kijiji.ca/v-guitar/st-catharines/axl-les-paul-junior-style-guitar/1703943735
Fender Telecaster with Bigsby,"$1,200.00",https://www.kijiji.ca/v-guitar/city-of-toronto/fender-telecaster-with-bigsby/1694660739
Silvertone 26873 MIJ,$600.00,https://www.kijiji.ca/v-guitar/city-of-toronto/silvertone-26873-mij/1703942784
NEW - Epiphone FT-100 Acoustic Guitar - Vintage Sunburst,$220.00,https://www.kijiji.ca/v-guitar/mississauga-peel-region/new-epiphone-ft-100-acoustic-guitar-vintage-sunburst/1703942537
Schecter Hellraiser Extreme ,"$1,400.00",https://www.kijiji.ca/v-guitar/ottawa/schecter-hellraiser-extreme/1686661893
electric guitar,$275.00,https://www.kijiji.ca/v-guitar/hamilton/electric-guitar/1703942222
1974 Gibson L5s Custom ,"$8,800.00",https://www.kijiji.ca/v-guitar/london/1974-gibson-l5s-custom/1703274556
PRECISION GUITAR WORX,Please Contact,https://www.kijiji.ca/v-guitar/sudbury/precision-guitar-worx/1660305330
Epiphone Riviera Electric Guitar,$699.00,https://www.kijiji.ca/v-guitar/ottawa/epiphone-riviera-electric-guitar/1702114895
"DIY Guitar Kits, The largest selection of Do it Yourself Guitars",Please Contact,https://www.kijiji.ca/v-guitar/markham-york-region/diy-guitar-kits-the-largest-selection-of-do-it-yourself-guitars/1483566448
Fender Stratocaster electric guitar,$800.00,https://www.kijiji.ca/v-guitar/chatham-kent/fender-stratocaster-electric-guitar/1703367868
Fender Stratocaster USA 1997 on an MJT 1 Piece Ash Nitro Body,$795.00,https://www.kijiji.ca/v-guitar/ottawa/fender-stratocaster-usa-1997-on-an-mjt-1-piece-ash-nitro-body/1703720339
GWL ACOUSTIC GUITAR PACK,$130.00,https://www.kijiji.ca/v-guitar/mississauga-peel-region/gwl-acoustic-guitar-pack/1646394734
Donner Full Size Acoustic Guitar for Adult Beginners - 41'' Cuta,$189.00,https://www.kijiji.ca/v-guitar/hamilton/donner-full-size-acoustic-guitar-for-adult-beginners-41-cuta/1689614409
41 inch Left Handed Acoustic Electric Guitar Kit Full Size Cutaw,$130.00,https://www.kijiji.ca/v-guitar/hamilton/41-inch-left-handed-acoustic-electric-guitar-kit-full-size-cutaw/1689614689
Rosefinch Classical Guitar Acoustic Guitar 4/4 Full Size 39 inch,$90.00,https://www.kijiji.ca/v-guitar/hamilton/rosefinch-classical-guitar-acoustic-guitar-4-4-full-size-39-inch/1694752575
Acoustic Martin Guitar,"$1,500.00",https://www.kijiji.ca/v-guitar/kenora/acoustic-martin-guitar/1703940044
Left Handed Squier Affinity Telecaster Guitar,$275.00,https://www.kijiji.ca/v-guitar/st-catharines/left-handed-squier-affinity-telecaster-guitar/1700109922
Acoustic Guitar with Built In Electric Tuner,$170.00,https://www.kijiji.ca/v-guitar/brockville/acoustic-guitar-with-built-in-electric-tuner/1703939363
LTD Phoenix 200 Electric Guitar,$800.00,https://www.kijiji.ca/v-guitar/oakville-halton-region/ltd-phoenix-200-electric-guitar/1584338407
"Gibson SG Tribute, Vintage Cherry Satin","$1,000.00",https://www.kijiji.ca/v-guitar/kitchener-waterloo/gibson-sg-tribute-vintage-cherry-satin/1701190738
"Gibson SG Tribute, Vintage Cherry Satin","$1,000.00",https://www.kijiji.ca/v-guitar/kitchener-waterloo/gibson-sg-tribute-vintage-cherry-satin/1703936319
1990's Fender  Korean Squire Stratocaster Signed by Jeff Healey,$300.00,https://www.kijiji.ca/v-guitar/barrie/1990s-fender-korean-squire-stratocaster-signed-by-jeff-healey/1703939060
Robson Electric Guitar,$50.00,https://www.kijiji.ca/v-guitar/oakville-halton-region/robson-electric-guitar/1703938680
Fender Classic Player Stratocaster 50’s,$900.00,https://www.kijiji.ca/v-guitar/london/fender-classic-player-stratocaster-50-s/1703937821
5 string harley benton acoustic bass guitar,$250.00,https://www.kijiji.ca/v-guitar/windsor-area-on/5-string-harley-benton-acoustic-bass-guitar/1703937696
Strat SSS Maple Neck Rosewood Fingerboard Electric Guitar Wood,$200.00,https://www.kijiji.ca/v-guitar/city-of-toronto/strat-sss-maple-neck-rosewood-fingerboard-electric-guitar-wood/1700114168
Strat SSS Maple Neck Rosewood Fingerboard Electric Guitar SB,$200.00,https://www.kijiji.ca/v-guitar/markham-york-region/strat-sss-maple-neck-rosewood-fingerboard-electric-guitar-sb/1700114054
Strat SSS Maple Neck Rosewood Fingerboard Electric Guitar Black,$200.00,https://www.kijiji.ca/v-guitar/markham-york-region/strat-sss-maple-neck-rosewood-fingerboard-electric-guitar-black/1700113957
Sire R3 DZ NT Acoustic Electric Guitar,$300.00,https://www.kijiji.ca/v-guitar/mississauga-peel-region/sire-r3-dz-nt-acoustic-electric-guitar/1678300694
Art & Lutherie Americana Natural EQ Acoustic Electric Guitar,$235.00,https://www.kijiji.ca/v-guitar/city-of-toronto/art-lutherie-americana-natural-eq-acoustic-electric-guitar/1690611864
Breedlive USA Concerto Signature,"$2,299.00",https://www.kijiji.ca/v-guitar/hamilton/breedlive-usa-concerto-signature/1703936275
Reverend Guitars Gil Parris Signature Guitar Roasted Maple,"$2,299.00",https://www.kijiji.ca/v-guitar/london/reverend-guitars-gil-parris-signature-guitar-roasted-maple/1669040689
"Reverend Guitars Billy Corgan Signature Z-One, Midnight Black","$2,049.00",https://www.kijiji.ca/v-guitar/london/reverend-guitars-billy-corgan-signature-z-one-midnight-black/1669040696
Breedlove USA Concerto ,"$2,499.00",https://www.kijiji.ca/v-guitar/hamilton/breedlove-usa-concerto/1703936080
Vintage 5 MINUTE GUITAR BOOK 1926,$5.00,https://www.kijiji.ca/v-guitar/ottawa/vintage-5-minute-guitar-book-1926/1681861384
Vintage VS6 Electric Guitar,$200.00,https://www.kijiji.ca/v-guitar/st-catharines/vintage-vs6-electric-guitar/1703935825
strat loaded pickguard,$80.00,https://www.kijiji.ca/v-guitar/city-of-toronto/strat-loaded-pickguard/1703935763
Jay Turser Cleopatra Electric Guitar,$200.00,https://www.kijiji.ca/v-guitar/st-catharines/jay-turser-cleopatra-electric-guitar/1703935694
Godin Session Guitar,$600.00,https://www.kijiji.ca/v-guitar/st-catharines/godin-session-guitar/1703935633
Harley Benton Short scale bass,$200.00,https://www.kijiji.ca/v-guitar/ottawa/harley-benton-short-scale-bass/1703935529
Washburn Acoustic Guitar,$300.00,https://www.kijiji.ca/v-guitar/st-catharines/washburn-acoustic-guitar/1703935463
strat rosewood neck,$80.00,https://www.kijiji.ca/v-guitar/city-of-toronto/strat-rosewood-neck/1703935300
strat body,$100.00,https://www.kijiji.ca/v-guitar/city-of-toronto/strat-body/1703935124
Ibanez ATK 300 Bass Guitar,$700.00,https://www.kijiji.ca/v-guitar/st-catharines/ibanez-atk-300-bass-guitar/1703934832
Epiphone Les Paul Special ,$300.00,https://www.kijiji.ca/v-guitar/napanee/epiphone-les-paul-special/1703934474
Fender Stratocaster electric guitar,$800.00,https://www.kijiji.ca/v-guitar/chatham-kent/fender-stratocaster-electric-guitar/1703367868
Epiphone Riviera Electric Guitar,$699.00,https://www.kijiji.ca/v-guitar/ottawa/epiphone-riviera-electric-guitar/1702114895
PRECISION GUITAR WORX,Please Contact,https://www.kijiji.ca/v-guitar/sudbury/precision-guitar-worx/1660305330
1974 Gibson L5s Custom ,"$8,800.00",https://www.kijiji.ca/v-guitar/london/1974-gibson-l5s-custom/1703274556
"DIY Guitar Kits, The largest selection of Do it Yourself Guitars",Please Contact,https://www.kijiji.ca/v-guitar/markham-york-region/diy-guitar-kits-the-largest-selection-of-do-it-yourself-guitars/1483566448
Fender Stratocaster USA 1997 on an MJT 1 Piece Ash Nitro Body,$795.00,https://www.kijiji.ca/v-guitar/ottawa/fender-stratocaster-usa-1997-on-an-mjt-1-piece-ash-nitro-body/1703720339
Upgraded Epiphone Dot 335 Cherry w/ Bigsby and Hardshell Case,$950.00,https://www.kijiji.ca/v-guitar/city-of-toronto/upgraded-epiphone-dot-335-cherry-w-bigsby-and-hardshell-case/1703933419
Loaded Stratocaster Pickguard,$120.00,https://www.kijiji.ca/v-guitar/kingston-on/loaded-stratocaster-pickguard/1703933214
Vintage BC Rich Acoustic/ Electric Guitar $400 OBO,$400.00,https://www.kijiji.ca/v-guitar/oakville-halton-region/vintage-bc-rich-acoustic-electric-guitar-400-obo/1677958647
Kent 12 string guitar shell,Free,https://www.kijiji.ca/v-guitar/oakville-halton-region/kent-12-string-guitar-shell/1699782467
Stratocaster US Body,$900.00,https://www.kijiji.ca/v-guitar/city-of-toronto/stratocaster-us-body/1703932738
Fender 12-string acoustic/electric guitar,$300.00,https://www.kijiji.ca/v-guitar/oakville-halton-region/fender-12-string-acoustic-electric-guitar/1703932447
Gibson Memphis ES-339 (2017),"$3,100.00",https://www.kijiji.ca/v-guitar/markham-york-region/gibson-memphis-es-339-2017/1703931931
acoustic guitar ,$200.00,https://www.kijiji.ca/v-guitar/thunder-bay/acoustic-guitar/1703931504
Kent Mandolin,Please Contact,https://www.kijiji.ca/v-guitar/thunder-bay/kent-mandolin/1703931415
Orange cabinet ,"$1,350.00",https://www.kijiji.ca/v-guitar/city-of-toronto/orange-cabinet/1703930663
Like New Epiphone Slash AFD Les Paul Special II Outfit,$350.00,https://www.kijiji.ca/v-guitar/brantford/like-new-epiphone-slash-afd-les-paul-special-ii-outfit/1703930662
2000 Fender Stratocaster w/USA pickups,$950.00,https://www.kijiji.ca/v-guitar/ottawa/2000-fender-stratocaster-w-usa-pickups/1703926158
Ibanez Bass,$200.00,https://www.kijiji.ca/v-guitar/thunder-bay/ibanez-bass/1703930191
Ibanez IC420FM Iceman - Violin Sunburst w/ Gig Bag,"$1,119.00",https://www.kijiji.ca/v-guitar/city-of-toronto/ibanez-ic420fm-iceman-violin-sunburst-w-gig-bag/1703930097
Fender Sixty Six (rare),"$1,100.00",https://www.kijiji.ca/v-guitar/hamilton/fender-sixty-six-rare/1695808787
Fender Special Edition Custom HH FMT Telecaster,"$1,100.00",https://www.kijiji.ca/v-guitar/hamilton/fender-special-edition-custom-hh-fmt-telecaster/1689710211
Les Paul Custom - Prophecy Plus EX  MS,$900.00,https://www.kijiji.ca/v-guitar/hamilton/les-paul-custom-prophecy-plus-ex-ms/1684315256
"Fender Amplifier - 68 Custom Vibro Champ Reverb, 120V","$1,150.00",https://www.kijiji.ca/v-guitar/mississauga-peel-region/fender-amplifier-68-custom-vibro-champ-reverb-120v/1703929415
Les Paul epiphone limited edition slash gold top,$800.00,https://www.kijiji.ca/v-guitar/mississauga-peel-region/les-paul-epiphone-limited-edition-slash-gold-top/1703929245
2013 Suhr Classic S,"$3,900.00",https://www.kijiji.ca/v-guitar/ottawa/2013-suhr-classic-s/1703929092
Hudson Kingfisher Acoustic Guitar for sale (UK Brand),$900.00,https://www.kijiji.ca/v-guitar/ottawa/hudson-kingfisher-acoustic-guitar-for-sale-uk-brand/1703928108
FIREFLY Guitar and Amp,$300.00,https://www.kijiji.ca/v-guitar/hamilton/firefly-guitar-and-amp/1700122803
gretsch 2655T ,$600.00,https://www.kijiji.ca/v-guitar/st-catharines/gretsch-2655t/1703927833
sell or maybe trade guitars and acces,Please Contact,https://www.kijiji.ca/v-guitar/oshawa-durham-region/sell-or-maybe-trade-guitars-and-acces/1703927818
Martin Dreadnought jr. Acoustic,$600.00,https://www.kijiji.ca/v-guitar/oshawa-durham-region/martin-dreadnought-jr-acoustic/1703927427
"BC Rich Warlock ""beast"" body art series 2002 limited edition",$150.00,https://www.kijiji.ca/v-guitar/sudbury/bc-rich-warlock-beast-body-art-series-2002-limited-edition/1703927231
Acoustic guitar,$650.00,https://www.kijiji.ca/v-guitar/oshawa-durham-region/acoustic-guitar/1703926886
TAYLOR 314CE - NATURAL W/ CASE,"$3,399.00",https://www.kijiji.ca/v-guitar/trenton-on/taylor-314ce-natural-w-case/1703926560
Ukulele is available for sale,$45.00,https://www.kijiji.ca/v-guitar/kitchener-waterloo/ukulele-is-available-for-sale/1575920889
YAMAHA   FG - 75   GUITAR    $ 300,$300.00,https://www.kijiji.ca/v-guitar/hamilton/yamaha-fg-75-guitar-300/1703925754
Classical Guitar KAWAI G-150E,$435.00,https://www.kijiji.ca/v-guitar/city-of-toronto/classical-guitar-kawai-g-150e/1703925740
Vintage 70's Fender or Gibson Style Guitar Case,$100.00,https://www.kijiji.ca/v-guitar/oakville-halton-region/vintage-70s-fender-or-gibson-style-guitar-case/1703925728
Yamaha F-340 acoustic guitar,$140.00,https://www.kijiji.ca/v-guitar/markham-york-region/yamaha-f-340-acoustic-guitar/1703925721
Hercules double guitars stand,$65.00,https://www.kijiji.ca/v-guitar/city-of-toronto/hercules-double-guitars-stand/1703925594
PRECISION GUITAR WORX,Please Contact,https://www.kijiji.ca/v-guitar/sudbury/precision-guitar-worx/1660305330
Epiphone Riviera Electric Guitar,$699.00,https://www.kijiji.ca/v-guitar/ottawa/epiphone-riviera-electric-guitar/1702114895
"DIY Guitar Kits, The largest selection of Do it Yourself Guitars",Please Contact,https://www.kijiji.ca/v-guitar/markham-york-region/diy-guitar-kits-the-largest-selection-of-do-it-yourself-guitars/1483566448
Fender Stratocaster USA 1997 on an MJT 1 Piece Ash Nitro Body,$795.00,https://www.kijiji.ca/v-guitar/ottawa/fender-stratocaster-usa-1997-on-an-mjt-1-piece-ash-nitro-body/1703720339
Fender Stratocaster electric guitar,$800.00,https://www.kijiji.ca/v-guitar/chatham-kent/fender-stratocaster-electric-guitar/1703367868
1974 Gibson L5s Custom ,"$8,800.00",https://www.kijiji.ca/v-guitar/london/1974-gibson-l5s-custom/1703274556
Ltd 256,$475.00,https://www.kijiji.ca/v-guitar/city-of-toronto/ltd-256/1703923993
FENDER SQUIER BASS GUITAR,$290.00,https://www.kijiji.ca/v-guitar/london/fender-squier-bass-guitar/1703923948
Left Handed Jackson Rhoads JS32,$450.00,https://www.kijiji.ca/v-guitar/kitchener-waterloo/left-handed-jackson-rhoads-js32/1703923464
Yamaha FG-403MS Acoustic Guitar ,$140.00,https://www.kijiji.ca/v-guitar/city-of-toronto/yamaha-fg-403ms-acoustic-guitar/1703923110
Fender Squier Elecrric and Amp Combo,$250.00,https://www.kijiji.ca/v-guitar/city-of-toronto/fender-squier-elecrric-and-amp-combo/1703922599
Fender HotRod Telecaster,"$2,000.00",https://www.kijiji.ca/v-guitar/st-catharines/fender-hotrod-telecaster/1703922428
Gibson Les Paul Tribute guitar,"$1,200.00",https://www.kijiji.ca/v-guitar/st-catharines/gibson-les-paul-tribute-guitar/1703922000
Denver acoustic bass,$250.00,https://www.kijiji.ca/v-guitar/woodstock-on/denver-acoustic-bass/1703921599
Les Paul Epiphone electric guitar with rocksmith bundle,$200.00,https://www.kijiji.ca/v-guitar/oshawa-durham-region/les-paul-epiphone-electric-guitar-with-rocksmith-bundle/1703921125
Fender Stratocaster with Hard Case,$500.00,https://www.kijiji.ca/v-guitar/city-of-toronto/fender-stratocaster-with-hard-case/1703903818
2013 Fender American Deluxe Dimension Bass,"$2,000.00",https://www.kijiji.ca/v-guitar/ottawa/2013-fender-american-deluxe-dimension-bass/1703920677
La Patrie All Solid Classical Guitar with Hard Shell Case,$750.00,https://www.kijiji.ca/v-guitar/london/la-patrie-all-solid-classical-guitar-with-hard-shell-case/1703920153
Squier Affinity Stratocaster Guitar,$150.00,https://www.kijiji.ca/v-guitar/st-catharines/squier-affinity-stratocaster-guitar/1703862998
BeaverCreek 1/2 Size Guitar & carrying bag & Quick Start Book,$150.00,https://www.kijiji.ca/v-guitar/markham-york-region/beavercreek-1-2-size-guitar-carrying-bag-quick-start-book/1674730989
Beaver Creek 1/2 Size Guitar & carrying bag & QuickStart Book,$150.00,https://www.kijiji.ca/v-guitar/markham-york-region/beaver-creek-1-2-size-guitar-carrying-bag-quickstart-book/1674730871
"1989 Gibson Pickups, Vintage, Post-PAF",$650.00,https://www.kijiji.ca/v-guitar/mississauga-peel-region/1989-gibson-pickups-vintage-post-paf/1703917134
PRS SE CE24 with gig bag!,$939.00,https://www.kijiji.ca/v-guitar/trenton-on/prs-se-ce24-with-gig-bag/1703919239
Fender American Vintage 2 - Stratocaster!,"$3,049.00",https://www.kijiji.ca/v-guitar/trenton-on/fender-american-vintage-2-stratocaster/1703919031
Seymour Duncan Classic Stack Plus For Strat,$70.00,https://www.kijiji.ca/v-guitar/mississauga-peel-region/seymour-duncan-classic-stack-plus-for-strat/1703918469
1952 Gibson J45 Sunburst,"$8,500.00",https://www.kijiji.ca/v-guitar/city-of-toronto/1952-gibson-j45-sunburst/1703918265
P.R.S. S2 Standard 24 Satin USA,"$1,250.00",https://www.kijiji.ca/v-guitar/mississauga-peel-region/p-r-s-s2-standard-24-satin-usa/1703918159
Fender Telecaster Pickups - Hand Wound - Vineham,$140.00,https://www.kijiji.ca/v-guitar/mississauga-peel-region/fender-telecaster-pickups-hand-wound-vineham/1703918154
Fender Squier Telecaster Standard 2018 Excellent.,$325.00,https://www.kijiji.ca/v-guitar/ottawa/fender-squier-telecaster-standard-2018-excellent/1703918108
Jay Turser Vintage Series Bass Guitar w/ Case,$375.00,https://www.kijiji.ca/v-guitar/ottawa/jay-turser-vintage-series-bass-guitar-w-case/1482896864
Boutique Guitars,"$4,500.00",https://www.kijiji.ca/v-guitar/london/boutique-guitars/1703917873
Fender FSR Deluxe Telecaster,$800.00,https://www.kijiji.ca/v-guitar/ottawa/fender-fsr-deluxe-telecaster/1703917805
Extreme Thrash Metal-Play It with This Rare Pro Gear,Please Contact,https://www.kijiji.ca/v-guitar/city-of-toronto/extreme-thrash-metal-play-it-with-this-rare-pro-gear/1703916647
1992 Made in Japan Squier Strat,$500.00,https://www.kijiji.ca/v-guitar/brantford/1992-made-in-japan-squier-strat/1703916385
"Guitar, Classical ",Please Contact,https://www.kijiji.ca/v-guitar/kitchener-waterloo/guitar-classical/1703916016
Les Paul epiphone limited edition slash gold top,$800.00,https://www.kijiji.ca/v-guitar/barrie/les-paul-epiphone-limited-edition-slash-gold-top/1703915719
Les Paul epiphone limited edition slash gold top,$800.00,https://www.kijiji.ca/v-guitar/hamilton/les-paul-epiphone-limited-edition-slash-gold-top/1703915555
Les Paul epiphone limited edition slash gold top,$800.00,https://www.kijiji.ca/v-guitar/markham-york-region/les-paul-epiphone-limited-edition-slash-gold-top/1703915509
Spanish Classical Guitar Artisano,Swap/Trade,https://www.kijiji.ca/v-guitar/oakville-halton-region/spanish-classical-guitar-artisano/1703914043
Electric Acoustic Dreadnought Beaver Creek Guitar & Yamaha Amp,$299.00,https://www.kijiji.ca/v-guitar/st-catharines/electric-acoustic-dreadnought-beaver-creek-guitar-yamaha-amp/1703913172
"DIY Guitar Kits, The largest selection of Do it Yourself Guitars",Please Contact,https://www.kijiji.ca/v-guitar/markham-york-region/diy-guitar-kits-the-largest-selection-of-do-it-yourself-guitars/1483566448
Epiphone Riviera Electric Guitar,$699.00,https://www.kijiji.ca/v-guitar/ottawa/epiphone-riviera-electric-guitar/1702114895
Fender Stratocaster USA 1997 on an MJT 1 Piece Ash Nitro Body,$795.00,https://www.kijiji.ca/v-guitar/ottawa/fender-stratocaster-usa-1997-on-an-mjt-1-piece-ash-nitro-body/1703720339
1974 Gibson L5s Custom ,"$8,800.00",https://www.kijiji.ca/v-guitar/london/1974-gibson-l5s-custom/1703274556
Fender Stratocaster electric guitar,$800.00,https://www.kijiji.ca/v-guitar/chatham-kent/fender-stratocaster-electric-guitar/1703367868
PRECISION GUITAR WORX,Please Contact,https://www.kijiji.ca/v-guitar/sudbury/precision-guitar-worx/1660305330
ELECTRIC GUITAR  AND   AMP  --  LIKE  NEW,$225.00,https://www.kijiji.ca/v-guitar/kitchener-waterloo/electric-guitar-and-amp-like-new/1703912013
IBANEZ  BASS GUITAR  WITH CASE --  LIKE NEW,$265.00,https://www.kijiji.ca/v-guitar/kitchener-waterloo/ibanez-bass-guitar-with-case-like-new/1703911877
VINTAGE SUZUKI ACOUSTIC GUITAR  --  JAPAN,$245.00,https://www.kijiji.ca/v-guitar/kitchener-waterloo/vintage-suzuki-acoustic-guitar-japan/1703911728
Fender Partscaster / 60s Telecaster Build,"$1,400.00",https://www.kijiji.ca/v-guitar/city-of-toronto/fender-partscaster-60s-telecaster-build/1703911404
DENVER ACOUSTIC GUITAR --  EXCELLENT  CONDITION,$120.00,https://www.kijiji.ca/v-guitar/kitchener-waterloo/denver-acoustic-guitar-excellent-condition/1703911388
Fender Deluxe Fat Strat,"$2,495.00",https://www.kijiji.ca/v-guitar/ottawa/fender-deluxe-fat-strat/1698036040
PRS Johnny Hiland Guitar,"$2,800.00",https://www.kijiji.ca/v-guitar/ottawa/prs-johnny-hiland-guitar/1697694656
Martin Mahogany 000-15SM,"$2,250.00",https://www.kijiji.ca/v-guitar/ottawa/martin-mahogany-000-15sm/1703910119
Old guitar with strap,$50.00,https://www.kijiji.ca/v-guitar/city-of-toronto/old-guitar-with-strap/1703909631
John Mayer Silver Sky Dragon Fruit,$950.00,https://www.kijiji.ca/v-guitar/city-of-toronto/john-mayer-silver-sky-dragon-fruit/1703909093
JAY Jr. Guitar & PROFILE  Carrying Case,$125.00,https://www.kijiji.ca/v-guitar/city-of-toronto/jay-jr-guitar-profile-carrying-case/1703908949
Jackson USA Signature Adrian Smith San Dimas SDM (2016),"$3,000.00",https://www.kijiji.ca/v-guitar/ottawa/jackson-usa-signature-adrian-smith-san-dimas-sdm-2016/1703908768
Jackson Kelly Professional Guitar,"$1,100.00",https://www.kijiji.ca/v-guitar/kingston-on/jackson-kelly-professional-guitar/1699435932
Fender Stratocaster Tom Delonge Reissue,"$1,300.00",https://www.kijiji.ca/v-guitar/woodstock-on/fender-stratocaster-tom-delonge-reissue/1703908458
1976 Ibanez Lawsuit Era 2370,$999.00,https://www.kijiji.ca/v-guitar/ottawa/1976-ibanez-lawsuit-era-2370/1703908378
Yamaha S-50A Classical Acoustic (Nippon Gakki),$269.00,https://www.kijiji.ca/v-guitar/oshawa-durham-region/yamaha-s-50a-classical-acoustic-nippon-gakki/1695790918
F/S MJM Sixties Uni-Vibe Bigbox Pedal,$350.00,https://www.kijiji.ca/v-guitar/city-of-toronto/f-s-mjm-sixties-uni-vibe-bigbox-pedal/1688671698
squier cyclone electric Guitar by fender,$400.00,https://www.kijiji.ca/v-guitar/oshawa-durham-region/squier-cyclone-electric-guitar-by-fender/1703906662
Martin Smith Guitar (W-101-N-PK),$80.00,https://www.kijiji.ca/v-guitar/city-of-toronto/martin-smith-guitar-w-101-n-pk/1703905872
Sonuus G2M v2   100$,$100.00,https://www.kijiji.ca/v-guitar/markham-york-region/sonuus-g2m-v2-100/1670979054
Squier Strat Parts,$100.00,https://www.kijiji.ca/v-guitar/ottawa/squier-strat-parts/1703905536
2013 Fender Marcus Miller V USA Jazz Bass,"$3,500.00",https://www.kijiji.ca/v-guitar/city-of-toronto/2013-fender-marcus-miller-v-usa-jazz-bass/1703905084
JOHNSON ACOUSTIC  GUITAR ( GREAT QUALITY ),$150.00,https://www.kijiji.ca/v-guitar/kitchener-waterloo/johnson-acoustic-guitar-great-quality/1703904552
VINTAGE 1960'S NATIONAL  ELECTRIC  GUITAR,"$1,200.00",https://www.kijiji.ca/v-guitar/kitchener-waterloo/vintage-1960s-national-electric-guitar/1703904499
Spector NS-6A Guitar. Kramer Era.,"$2,000.00",https://www.kijiji.ca/v-guitar/city-of-toronto/spector-ns-6a-guitar-kramer-era/1703904163
Vintage Hondo H1 Death Dagger Guitar. ,"$1,200.00",https://www.kijiji.ca/v-guitar/city-of-toronto/vintage-hondo-h1-death-dagger-guitar/1703903911
Crafter guitar kpk0038,"$1,800.00",https://www.kijiji.ca/v-guitar/oshawa-durham-region/crafter-guitar-kpk0038/1703903399
Guitar / Instrument Cable,$10.00,https://www.kijiji.ca/v-guitar/st-catharines/guitar-instrument-cable/1691506412
"WANTED: Hard case for a 335, Dot Archtop",Please Contact,https://www.kijiji.ca/v-guitar/ottawa/wanted:-hard-case-for-a-335-dot-archtop/1703902849
"5 String Active Bass Body, String Through Bridge",$200.00,https://www.kijiji.ca/v-guitar/city-of-toronto/5-string-active-bass-body-string-through-bridge/1703902573
Pro Level Custom Guitars,"$4,000.00",https://www.kijiji.ca/v-guitar/london/pro-level-custom-guitars/1703902109
Fender MIM Telecaster ,$800.00,https://www.kijiji.ca/v-guitar/barrie/fender-mim-telecaster/1703902088
Guitar Martin D-28 1978 mint condition  $4000.00,"$4,000.00",https://www.kijiji.ca/v-guitar/markham-york-region/guitar-martin-d-28-1978-mint-condition-4000-00/1703901582
"Brand New SKB 335 Hardshell Case - TSA Latch, Over-Molded Handle",$250.00,https://www.kijiji.ca/v-guitar/city-of-toronto/brand-new-skb-335-hardshell-case-tsa-latch-over-molded-handle/1703901520
PRECISION GUITAR WORX,Please Contact,https://www.kijiji.ca/v-guitar/sudbury/precision-guitar-worx/1660305330
Epiphone Riviera Electric Guitar,$699.00,https://www.kijiji.ca/v-guitar/ottawa/epiphone-riviera-electric-guitar/1702114895
Fender Stratocaster electric guitar,$800.00,https://www.kijiji.ca/v-guitar/chatham-kent/fender-stratocaster-electric-guitar/1703367868
"DIY Guitar Kits, The largest selection of Do it Yourself Guitars",Please Contact,https://www.kijiji.ca/v-guitar/markham-york-region/diy-guitar-kits-the-largest-selection-of-do-it-yourself-guitars/1483566448
1974 Gibson L5s Custom ,"$8,800.00",https://www.kijiji.ca/v-guitar/london/1974-gibson-l5s-custom/1703274556
Fender Stratocaster USA 1997 on an MJT 1 Piece Ash Nitro Body,$795.00,https://www.kijiji.ca/v-guitar/ottawa/fender-stratocaster-usa-1997-on-an-mjt-1-piece-ash-nitro-body/1703720339
Black Tremolo Bar,$10.00,https://www.kijiji.ca/v-guitar/oakville-halton-region/black-tremolo-bar/1700006016
MIA Fender Telecaster Pickup Set,$175.00,https://www.kijiji.ca/v-guitar/mississauga-peel-region/mia-fender-telecaster-pickup-set/1703899909
Gibson Deluxe tuners,$80.00,https://www.kijiji.ca/v-guitar/oakville-halton-region/gibson-deluxe-tuners/1699994576
Martin Backpacker Traveling guitar with case,$120.00,https://www.kijiji.ca/v-guitar/norfolk-county/martin-backpacker-traveling-guitar-with-case/1703898618
Seymour Duncan Stratocaster Hot Rail Pickups,$150.00,https://www.kijiji.ca/v-guitar/kitchener-waterloo/seymour-duncan-stratocaster-hot-rail-pickups/1703899587
2007 Gibson J185 True Vintage,"$2,900.00",https://www.kijiji.ca/v-guitar/oshawa-durham-region/2007-gibson-j185-true-vintage/1703899454
Adam jones signature Les paul,"$3,000.00",https://www.kijiji.ca/v-guitar/north-bay/adam-jones-signature-les-paul/1703899371
Orillia..Trade for Les Paul,"$1,500.00",https://www.kijiji.ca/v-guitar/barrie/orillia-trade-for-les-paul/1703899197
Stratocaster Standard Series Electric Guitar - Cherryburst,$299.00,https://www.kijiji.ca/v-guitar/st-catharines/stratocaster-standard-series-electric-guitar-cherryburst/1703898672
Fender Noiseless Pickups,$150.00,https://www.kijiji.ca/v-guitar/kitchener-waterloo/fender-noiseless-pickups/1703898661
Alastair Miller Green T with Lollar Charlie Christian,"$2,500.00",https://www.kijiji.ca/v-guitar/city-of-toronto/alastair-miller-green-t-with-lollar-charlie-christian/1697994272
Rouge Valley Ukulele,$60.00,https://www.kijiji.ca/v-guitar/windsor-area-on/rouge-valley-ukulele/1703898480
Hughes and Kettner Red Box MK 11 Cabinetululator G,$80.00,https://www.kijiji.ca/v-guitar/city-of-toronto/hughes-and-kettner-red-box-mk-11-cabinetululator-g/1700086239
Taylor 322 ce 12 Fret Acoustic Guitar,"$2,400.00",https://www.kijiji.ca/v-guitar/oshawa-durham-region/taylor-322-ce-12-fret-acoustic-guitar/1703898130
Peavey - Strat - Raptor Plus - EXP - Electric Guitar,$185.00,https://www.kijiji.ca/v-guitar/st-catharines/peavey-strat-raptor-plus-exp-electric-guitar/1703897707
Fender Locking Tuners,$50.00,https://www.kijiji.ca/v-guitar/kitchener-waterloo/fender-locking-tuners/1703897435
Junior Acoustic Guitar - Jay Jr / TBL - Blue - Good Condition,$145.00,https://www.kijiji.ca/v-guitar/st-catharines/junior-acoustic-guitar-jay-jr-tbl-blue-good-condition/1703897306
Dean Dime O Flage Camo,"$1,150.00",https://www.kijiji.ca/v-guitar/thunder-bay/dean-dime-o-flage-camo/1703897004
Martin D 15-M 2023,"$1,800.00",https://www.kijiji.ca/v-guitar/city-of-toronto/martin-d-15-m-2023/1703896977
Extreme Thrash Metal Guitars-Amps-Cabs,Please Contact,https://www.kijiji.ca/v-guitar/city-of-toronto/extreme-thrash-metal-guitars-amps-cabs/1703896717
Pickups/Electronics for Stratocaster,$75.00,https://www.kijiji.ca/v-guitar/kitchener-waterloo/pickups-electronics-for-stratocaster/1703896698
Fender Jazz Bass Pickguard + Mounting Screws,$15.00,https://www.kijiji.ca/v-guitar/oakville-halton-region/fender-jazz-bass-pickguard-mounting-screws/1703896689
Fender Acoustic Guitar with Case,$100.00,https://www.kijiji.ca/v-guitar/city-of-toronto/fender-acoustic-guitar-with-case/1703896502
FENDER Telecaster electric guitar in great condition,$800.00,https://www.kijiji.ca/v-guitar/oakville-halton-region/fender-telecaster-electric-guitar-in-great-condition/1703896494
"Electric Guitar..,",$325.00,https://www.kijiji.ca/v-guitar/city-of-toronto/electric-guitar/1608351271
ESP-LTD EC-256 Eclipse (Snow White),$600.00,https://www.kijiji.ca/v-guitar/mississauga-peel-region/esp-ltd-ec-256-eclipse-snow-white/1703895030
Guitar Hangers,$125.00,https://www.kijiji.ca/v-guitar/city-of-toronto/guitar-hangers/1703894998
Telecaster-richie kotzen signature,"$1,500.00",https://www.kijiji.ca/v-guitar/owen-sound/telecaster-richie-kotzen-signature/1703883922
EVH Wolfgang Special - Stealth Black with case,"$1,350.00",https://www.kijiji.ca/v-guitar/mississauga-peel-region/evh-wolfgang-special-stealth-black-with-case/1703894782
Blue Partcaster Strat,$250.00,https://www.kijiji.ca/v-guitar/st-catharines/blue-partcaster-strat/1646333143
Resonator Guitar,$450.00,https://www.kijiji.ca/v-guitar/ottawa/resonator-guitar/1703894455
K Yairi DY87 TBK acoustic guitar MINT,"$1,150.00",https://www.kijiji.ca/v-guitar/oshawa-durham-region/k-yairi-dy87-tbk-acoustic-guitar-mint/1698996470
Fender Oxblood Telecaster - Ebony & USA Pickups - Ltd Ed,"$1,000.00",https://www.kijiji.ca/v-guitar/city-of-toronto/fender-oxblood-telecaster-ebony-usa-pickups-ltd-ed/1703893809
Epiphone SG Special electric Guitar vintage worn cherry ,$500.00,https://www.kijiji.ca/v-guitar/guelph/epiphone-sg-special-electric-guitar-vintage-worn-cherry/1698369681
Fender Stratocaster USA 1997 on an MJT 1 Piece Ash Nitro Body,$795.00,https://www.kijiji.ca/v-guitar/ottawa/fender-stratocaster-usa-1997-on-an-mjt-1-piece-ash-nitro-body/1703720339
Epiphone Riviera Electric Guitar,$699.00,https://www.kijiji.ca/v-guitar/ottawa/epiphone-riviera-electric-guitar/1702114895
"DIY Guitar Kits, The largest selection of Do it Yourself Guitars",Please Contact,https://www.kijiji.ca/v-guitar/markham-york-region/diy-guitar-kits-the-largest-selection-of-do-it-yourself-guitars/1483566448
1974 Gibson L5s Custom ,"$8,800.00",https://www.kijiji.ca/v-guitar/london/1974-gibson-l5s-custom/1703274556
Fender Stratocaster electric guitar,$800.00,https://www.kijiji.ca/v-guitar/chatham-kent/fender-stratocaster-electric-guitar/1703367868
PRECISION GUITAR WORX,Please Contact,https://www.kijiji.ca/v-guitar/sudbury/precision-guitar-worx/1660305330
electric guitar,$80.00,https://www.kijiji.ca/v-guitar/markham-york-region/electric-guitar/1703891435
2022 Fender American Vintage II 1951 telecaster,"$2,600.00",https://www.kijiji.ca/v-guitar/ottawa/2022-fender-american-vintage-ii-1951-telecaster/1703891089
Cedar Seagull 12 String  Acoustic Guitar with Hard Case,$625.00,https://www.kijiji.ca/v-guitar/city-of-toronto/cedar-seagull-12-string-acoustic-guitar-with-hard-case/1691577061
Guitars for Sale!,Please Contact,https://www.kijiji.ca/v-guitar/windsor-area-on/guitars-for-sale/1703890576
YAMAHA FG-410-12 12 STRING ACOUSTIC GUITAR & BAG,$245.00,https://www.kijiji.ca/v-guitar/hamilton/yamaha-fg-410-12-12-string-acoustic-guitar-bag/1686510680
Simon & Patrick Acoustic Guitar ,$300.00,https://www.kijiji.ca/v-guitar/guelph/simon-patrick-acoustic-guitar/1703890503
Epiphone Les Paul Classic Goldtop,$425.00,https://www.kijiji.ca/v-guitar/markham-york-region/epiphone-les-paul-classic-goldtop/1703890429
Metal Guitars-ZW Rebel-Slayer-Pantera-Steve Vai Flame-Rat Rod,$875.00,https://www.kijiji.ca/v-guitar/city-of-toronto/metal-guitars-zw-rebel-slayer-pantera-steve-vai-flame-rat-rod/1703890373
Cutaway Seagull Original 6 Acoustic Electric Guitar,$425.00,https://www.kijiji.ca/v-guitar/city-of-toronto/cutaway-seagull-original-6-acoustic-electric-guitar/1691576785
Carvin AC175 2000's USA OHSC,$475.00,https://www.kijiji.ca/v-guitar/ottawa/carvin-ac175-2000s-usa-ohsc/1703890182
Yamaha Pacifica PAC  012,$300.00,https://www.kijiji.ca/v-guitar/mississauga-peel-region/yamaha-pacifica-pac-012/1686389662
GUITARS X 4 ( WALLHANGER/PARTS ) $30 EACH,$30.00,https://www.kijiji.ca/v-guitar/gatineau/guitars-x-4-wallhanger-parts-30-each/1685401873
GUITAR GIG BAGS 3/4 SIZE $10 EACH,$10.00,https://www.kijiji.ca/v-guitar/gatineau/guitar-gig-bags-3-4-size-10-each/1650107467
GIG BAGS FULL SIZE $35 EACH,$35.00,https://www.kijiji.ca/v-guitar/gatineau/gig-bags-full-size-35-each/1685717415
3/4 SIZE GIG BAGS $25 EACH,$25.00,https://www.kijiji.ca/v-guitar/gatineau/3-4-size-gig-bags-25-each/1685719520
STUNNING RED METALLIC BASS YAMAHA BRAND NEW+BAG $450,$450.00,https://www.kijiji.ca/v-guitar/mississauga-peel-region/stunning-red-metallic-bass-yamaha-brand-new-bag-450/1703886474
Guitar case / Étui à guitare,$30.00,https://www.kijiji.ca/v-guitar/gatineau/guitar-case-etui-a-guitare/1703887817
Acoustic Guitar with integrated pickup - TCM,$345.00,https://www.kijiji.ca/v-guitar/ottawa/acoustic-guitar-with-integrated-pickup-tcm/1644561678
guitar red new,$400.00,https://www.kijiji.ca/v-guitar/st-catharines/guitar-red-new/1703887183
Washburn Silverado strat LS93,"$2,400.00",https://www.kijiji.ca/v-guitar/windsor-area-on/washburn-silverado-strat-ls93/1669918693
Ibanez Prestige RG5320,"$2,500.00",https://www.kijiji.ca/v-guitar/ottawa/ibanez-prestige-rg5320/1703886897
Jackson USA Soloist SL2MG,"$3,000.00",https://www.kijiji.ca/v-guitar/ottawa/jackson-usa-soloist-sl2mg/1703886761
Huntington classical electric cutaway guitar and case,Please Contact,https://www.kijiji.ca/v-guitar/london/huntington-classical-electric-cutaway-guitar-and-case/1703886674
Acoustic Electric Guitar Jay Turner,$265.00,https://www.kijiji.ca/v-guitar/city-of-toronto/acoustic-electric-guitar-jay-turner/1703886327
"EA44 washburn acoustic electric guitar,  30 year, collectors","$1,299.00",https://www.kijiji.ca/v-guitar/barrie/ea44-washburn-acoustic-electric-guitar-30-year-collectors/1600051791
fender thinline w/bareknuckle bootcamp pickups & coil splitter,"$1,600.00",https://www.kijiji.ca/v-guitar/hamilton/fender-thinline-w-bareknuckle-bootcamp-pickups-coil-splitter/1703885289
$6oo -2009 Baby Taylor Swift   - Baby Taylor guitar /  gig bag,$600.00,https://www.kijiji.ca/v-guitar/city-of-toronto/6oo-2009-baby-taylor-swift-baby-taylor-guitar-gig-bag/1680382381
"typhoon bass  electric guitar red ,  like new condition",$269.00,https://www.kijiji.ca/v-guitar/muskoka/typhoon-bass-electric-guitar-red-like-new-condition/1497202690
"washburn WI-67 Pro Q 2000's electric guitar , collectors mint","$1,499.00",https://www.kijiji.ca/v-guitar/barrie/washburn-wi-67-pro-q-2000s-electric-guitar-collectors-mint/1681109574
Orillia..ESP.LTD ORION,"$1,500.00",https://www.kijiji.ca/v-guitar/barrie/orillia-esp-ltd-orion/1703884844
"Orillia. mim .FENDER 
P-bass.",$800.00,https://www.kijiji.ca/v-guitar/barrie/orillia-mim-fender-p-bass/1703884634
Orillia. FENDER SQUIER JAZZZ BASS ,$350.00,https://www.kijiji.ca/v-guitar/barrie/orillia-fender-squier-jazzz-bass/1703884464
Gibson Custom Shop 1942 LG-2 Banner 1 of 35  Acoustic Guitar,"$4,500.00",https://www.kijiji.ca/v-guitar/markham-york-region/gibson-custom-shop-1942-lg-2-banner-1-of-35-acoustic-guitar/1678102104
Orillia..westcreak V,$650.00,https://www.kijiji.ca/v-guitar/barrie/orillia-westcreak-v/1703884314
